,deepseek-chat-v3.1,gemma-3-27b,gpt-5-nano,grok-4-fast,kimi-k2,nemotron-nano-9b
deepseek-chat-v3.1,0.0,0.48905109489051096,0.49635036496350365,0.49635036496350365,0.45255474452554745,0.5401459854014599
gemma-3-27b,0.48905109489051096,0.0,0.49635036496350365,0.5401459854014599,0.41605839416058393,0.46715328467153283
gpt-5-nano,0.49635036496350365,0.49635036496350365,0.0,0.5474452554744526,0.40145985401459855,0.48905109489051096
grok-4-fast,0.49635036496350365,0.5401459854014599,0.5474452554744526,0.0,0.4306569343065693,0.5182481751824818
kimi-k2,0.45255474452554745,0.41605839416058393,0.40145985401459855,0.4306569343065693,0.0,0.4233576642335766
nemotron-nano-9b,0.5401459854014599,0.46715328467153283,0.48905109489051096,0.5182481751824818,0.4233576642335766,0.0
