,deepseek-chat-v3.1,gemma-3-27b,gpt-5-nano,grok-4-fast,kimi-k2,nemotron-nano-9b
deepseek-chat-v3.1,0.0,0.7226277372262774,0.6131386861313869,0.6715328467153284,0.48905109489051096,0.656934306569343
gemma-3-27b,0.7226277372262774,0.0,0.6058394160583942,0.6058394160583942,0.6058394160583942,0.583941605839416
gpt-5-nano,0.6131386861313869,0.6058394160583942,0.0,0.5912408759124088,0.46715328467153283,0.5912408759124088
grok-4-fast,0.6715328467153284,0.6058394160583942,0.5912408759124088,0.0,0.5036496350364964,0.7518248175182481
kimi-k2,0.48905109489051096,0.6058394160583942,0.46715328467153283,0.5036496350364964,0.0,0.48905109489051096
nemotron-nano-9b,0.656934306569343,0.583941605839416,0.5912408759124088,0.7518248175182481,0.48905109489051096,0.0
