,deepseek-chat-v3.1,gemma-3-27b,gpt-5-nano,grok-4-fast,kimi-k2,nemotron-nano-9b
deepseek-chat-v3.1,0.0,0.5474452554744526,0.5182481751824818,0.5401459854014599,0.4233576642335766,0.5255474452554745
gemma-3-27b,0.5474452554744526,0.0,0.5109489051094891,0.5328467153284672,0.4233576642335766,0.5401459854014599
gpt-5-nano,0.5182481751824818,0.5109489051094891,0.0,0.6277372262773723,0.38686131386861317,0.5912408759124088
grok-4-fast,0.5401459854014599,0.5328467153284672,0.6277372262773723,0.0,0.39416058394160586,0.5474452554744526
kimi-k2,0.4233576642335766,0.4233576642335766,0.38686131386861317,0.39416058394160586,0.0,0.40875912408759124
nemotron-nano-9b,0.5255474452554745,0.5401459854014599,0.5912408759124088,0.5474452554744526,0.40875912408759124,0.0
