kind,max_cooccurrence,mean_cooccurrence,std_cooccurrence,max_normalized,mean_normalized,std_normalized,top_pair,top_pair_count
body,103.0,68.11111111111111,32.10207485313906,0.7518248175182481,0.49716139497161393,0.23432171425648948,grok-4-fast & nemotron-nano-9b,103.0
in_favor,86.0,57.22222222222222,27.144787826999856,0.6277372262773723,0.41768045417680455,0.19813713742335662,gpt-5-nano & grok-4-fast,86.0
against,75.0,54.833333333333336,25.173288312106635,0.5474452554744526,0.4002433090024331,0.18374663001537692,gpt-5-nano & grok-4-fast,75.0
